{"cameraMode":{"drawMode":0,"name":"Shaded","section":"Shading Mode"},"sceneLighting":true,"audioPlay":false,"sceneViewState":{"m_AlwaysRefresh":false,"showFog":true,"showSkybox":true,"showFlares":true,"showImageEffects":true,"showParticleSystems":true,"showVisualEffectGraphs":true,"m_FxEnabled":true},"in2DMode":false,"pivot":{"x":477.00006103515627,"y":-1429.4788818359375,"z":36.400001525878909},"rotation":{"x":-0.002204643562436104,"y":0.9694897532463074,"z":-0.24497118592262269,"w":-0.008725405670702458},"size":3315.5400390625,"orthographic":false}